{"Mean Heart Rate": 68.54838709677419, "Max Voltage": 1.05, "Minimum Voltage": -0.68, "Duration": 27.769, "Number of Beats": 34, "Times when beats occurred": [0.231, 1.11, 1.989, 2.841, 3.693, 4.545, 5.4270000000000005, 6.135000000000001, 7.2090000000000005, 8.118, 8.994, 9.849, 10.680000000000001, 11.589, 12.513, 13.398000000000001, 14.295, 15.183000000000002, 16.041, 16.902, 17.754, 18.645, 19.581, 20.472, 21.318, 22.179000000000002, 23.01, 23.859, 24.738000000000003, 25.617, 26.511000000000003, 27.426000000000002, 28.296000000000003, 29.130000000000003, 29.991000000000003]}